{
    "Params": "KAMLAND", 
    "ROI": [
        3.0, 
        7.0
    ], 
    "Reactors": "USCA", 
    "dms": [
        7.426710591129292e-05, 
        7.769195525368862e-05, 
        7.574915769882963e-05, 
        7.356667788659719e-05, 
        7.103863196153309e-05, 
        7.425688778656613e-05, 
        7.628565403938171e-05, 
        7.35748816295437e-05, 
        7.713433958347394e-05, 
        7.628101561685152e-05
    ], 
    "nbins": 20, 
    "negML": [
        53.796532930103254, 
        59.292656027073676, 
        52.60528132515272, 
        52.48742823856226, 
        55.87780109648103, 
        53.323342958701616, 
        51.96010611290592, 
        52.89529850226995, 
        56.31716417200933, 
        53.98677186537528
    ], 
    "sst": [
        0.2953328798657546, 
        0.2711041014484774, 
        0.34437660250363605, 
        0.34085056870197383, 
        0.26137770948520356, 
        0.37462595204418864, 
        0.33565790740228096, 
        0.26460370748339873, 
        0.2882900913583605, 
        0.3588110354289929
    ]
}